<NewDataSet>
  <xs:schema id="NewDataSet" xmlns="" xmlns:xs="http://www.w3.org/2001/XMLSchema" xmlns:msdata="urn:schemas-microsoft-com:xml-msdata" xmlns:msprop="urn:schemas-microsoft-com:xml-msprop">
    <xs:element name="NewDataSet" msdata:IsDataSet="true" msdata:UseCurrentLocale="true" msdata:IsReadOnly="False">
      <xs:complexType>
        <xs:choice minOccurs="0" maxOccurs="unbounded">
          <xs:element name="CMS_ScheduledTask" msprop:IsFromCMSDatabase="True">
            <xs:complexType>
              <xs:sequence>
                <xs:element name="TaskID" type="xs:int" minOccurs="0" />
                <xs:element name="TaskName" type="xs:string" minOccurs="0" />
                <xs:element name="TaskDisplayName" type="xs:string" minOccurs="0" />
                <xs:element name="TaskAssemblyName" type="xs:string" minOccurs="0" />
                <xs:element name="TaskClass" type="xs:string" minOccurs="0" />
                <xs:element name="TaskInterval" type="xs:string" minOccurs="0" />
                <xs:element name="TaskData" type="xs:string" minOccurs="0" />
                <xs:element name="TaskNextRunTime" type="xs:dateTime" minOccurs="0" />
                <xs:element name="TaskSiteID" type="xs:int" minOccurs="0" />
                <xs:element name="TaskDeleteAfterLastRun" type="xs:boolean" minOccurs="0" />
                <xs:element name="TaskServerName" type="xs:string" minOccurs="0" />
                <xs:element name="TaskGUID" msdata:DataType="System.Guid, mscorlib, Version=4.0.0.0, Culture=neutral, PublicKeyToken=b77a5c561934e089" type="xs:string" minOccurs="0" />
                <xs:element name="TaskLastModified" type="xs:dateTime" minOccurs="0" />
                <xs:element name="TaskResourceID" type="xs:int" minOccurs="0" />
                <xs:element name="TaskRunInSeparateThread" type="xs:boolean" minOccurs="0" />
                <xs:element name="TaskUseExternalService" type="xs:boolean" minOccurs="0" />
                <xs:element name="TaskAllowExternalService" type="xs:boolean" minOccurs="0" />
                <xs:element name="TaskCondition" type="xs:string" minOccurs="0" />
                <xs:element name="TaskRunIndividually" type="xs:boolean" minOccurs="0" />
                <xs:element name="TaskType" type="xs:int" minOccurs="0" />
                <xs:element name="TaskEnabled" type="xs:boolean" minOccurs="0" />
                <xs:element name="TaskAvailability" type="xs:int" minOccurs="0" />
              </xs:sequence>
            </xs:complexType>
          </xs:element>
        </xs:choice>
      </xs:complexType>
    </xs:element>
  </xs:schema>
  <CMS_ScheduledTask>
    <TaskID>623</TaskID>
    <TaskName>Email.QueueSender</TaskName>
    <TaskDisplayName>Send queued emails</TaskDisplayName>
    <TaskAssemblyName>CMS.Scheduler</TaskAssemblyName>
    <TaskClass>CMS.Scheduler.QueueSender</TaskClass>
    <TaskInterval>minute;9/18/2008 9:01:04 AM;1;00:00:00;23:59:00;Monday,Tuesday,Wednesday,Thursday,Friday,Saturday,Sunday</TaskInterval>
    <TaskData />
    <TaskNextRunTime>2019-06-28T10:13:04+02:00</TaskNextRunTime>
    <TaskDeleteAfterLastRun>false</TaskDeleteAfterLastRun>
    <TaskServerName />
    <TaskGUID>1b067823-df3f-4e32-a520-35901f8501bb</TaskGUID>
    <TaskLastModified>2020-11-24T18:55:42.246854+01:00</TaskLastModified>
    <TaskRunInSeparateThread>false</TaskRunInSeparateThread>
    <TaskUseExternalService>true</TaskUseExternalService>
    <TaskAllowExternalService>true</TaskAllowExternalService>
    <TaskCondition />
    <TaskRunIndividually>false</TaskRunIndividually>
    <TaskEnabled>true</TaskEnabled>
    <TaskAvailability>0</TaskAvailability>
  </CMS_ScheduledTask>
  <CMS_ScheduledTask>
    <TaskID>624</TaskID>
    <TaskName>Email.QueueCleaner</TaskName>
    <TaskDisplayName>Clean email queue</TaskDisplayName>
    <TaskAssemblyName>CMS.Scheduler</TaskAssemblyName>
    <TaskClass>CMS.Scheduler.QueueCleaner</TaskClass>
    <TaskInterval>day;9/30/2008 12:00:00 AM;1;Monday,Tuesday,Wednesday,Thursday,Friday,Saturday,Sunday</TaskInterval>
    <TaskData />
    <TaskNextRunTime>2019-06-29T00:00:00+02:00</TaskNextRunTime>
    <TaskDeleteAfterLastRun>false</TaskDeleteAfterLastRun>
    <TaskServerName />
    <TaskGUID>f6a7d4dc-0146-4966-be83-f7e3a87df41c</TaskGUID>
    <TaskLastModified>2020-11-24T18:55:42.2408546+01:00</TaskLastModified>
    <TaskRunInSeparateThread>true</TaskRunInSeparateThread>
    <TaskUseExternalService>true</TaskUseExternalService>
    <TaskAllowExternalService>true</TaskAllowExternalService>
    <TaskCondition />
    <TaskRunIndividually>false</TaskRunIndividually>
    <TaskEnabled>true</TaskEnabled>
    <TaskAvailability>0</TaskAvailability>
  </CMS_ScheduledTask>
  <CMS_ScheduledTask>
    <TaskID>640</TaskID>
    <TaskName>TimeZone.Recalculate</TaskName>
    <TaskDisplayName>Recalculate time zone</TaskDisplayName>
    <TaskAssemblyName>CMS.Scheduler</TaskAssemblyName>
    <TaskClass>CMS.Scheduler.TimeZoneRecalculate</TaskClass>
    <TaskInterval>year;1/1/2016 12:00:00 AM;1</TaskInterval>
    <TaskData />
    <TaskNextRunTime>2019-10-20T09:37:39.5319989+02:00</TaskNextRunTime>
    <TaskDeleteAfterLastRun>false</TaskDeleteAfterLastRun>
    <TaskServerName />
    <TaskGUID>4f1469a0-8f3f-42a2-9a08-72f27c225271</TaskGUID>
    <TaskLastModified>2020-11-24T18:55:42.3398255+01:00</TaskLastModified>
    <TaskRunInSeparateThread>true</TaskRunInSeparateThread>
    <TaskUseExternalService>true</TaskUseExternalService>
    <TaskAllowExternalService>true</TaskAllowExternalService>
    <TaskCondition />
    <TaskRunIndividually>true</TaskRunIndividually>
    <TaskEnabled>true</TaskEnabled>
    <TaskAvailability>0</TaskAvailability>
  </CMS_ScheduledTask>
  <CMS_ScheduledTask>
    <TaskID>1066</TaskID>
    <TaskName>Content.DeleteOldTemporaryAttachments</TaskName>
    <TaskDisplayName>Delete old temporary attachments</TaskDisplayName>
    <TaskAssemblyName>CMS.DocumentEngine</TaskAssemblyName>
    <TaskClass>CMS.DocumentEngine.TemporaryAttachmentsCleaner</TaskClass>
    <TaskInterval>hour;4/22/2009 12:00:20 PM;1;00:00:00;23:59:00;Monday,Tuesday,Wednesday,Thursday,Friday,Saturday,Sunday</TaskInterval>
    <TaskData />
    <TaskNextRunTime>2019-06-28T11:00:20+02:00</TaskNextRunTime>
    <TaskDeleteAfterLastRun>false</TaskDeleteAfterLastRun>
    <TaskServerName />
    <TaskGUID>4e5fc15a-aa43-4c73-b8d8-24e65ea7f10d</TaskGUID>
    <TaskLastModified>2020-11-24T18:55:42.2128561+01:00</TaskLastModified>
    <TaskRunInSeparateThread>true</TaskRunInSeparateThread>
    <TaskUseExternalService>true</TaskUseExternalService>
    <TaskAllowExternalService>true</TaskAllowExternalService>
    <TaskCondition />
    <TaskRunIndividually>false</TaskRunIndividually>
    <TaskEnabled>true</TaskEnabled>
    <TaskAvailability>0</TaskAvailability>
  </CMS_ScheduledTask>
  <CMS_ScheduledTask>
    <TaskID>1068</TaskID>
    <TaskName>Search.TaskExecutor</TaskName>
    <TaskDisplayName>Execute local search tasks</TaskDisplayName>
    <TaskAssemblyName>CMS.Search</TaskAssemblyName>
    <TaskClass>CMS.Search.SearchTaskExecutor</TaskClass>
    <TaskInterval>hour;4/8/2009 3:00:00 PM;4;00:00:00;23:59:00;Monday,Tuesday,Wednesday,Thursday,Friday,Saturday,Sunday</TaskInterval>
    <TaskData />
    <TaskNextRunTime>2019-06-28T11:00:00+02:00</TaskNextRunTime>
    <TaskDeleteAfterLastRun>false</TaskDeleteAfterLastRun>
    <TaskServerName />
    <TaskGUID>fbd459f7-f0b2-4e4a-a392-ec980e0c35a0</TaskGUID>
    <TaskLastModified>2020-11-24T18:55:42.3168255+01:00</TaskLastModified>
    <TaskRunInSeparateThread>false</TaskRunInSeparateThread>
    <TaskUseExternalService>false</TaskUseExternalService>
    <TaskAllowExternalService>true</TaskAllowExternalService>
    <TaskCondition />
    <TaskRunIndividually>false</TaskRunIndividually>
    <TaskEnabled>true</TaskEnabled>
    <TaskAvailability>0</TaskAvailability>
  </CMS_ScheduledTask>
  <CMS_ScheduledTask>
    <TaskID>1069</TaskID>
    <TaskName>Search.IndexOptimizer</TaskName>
    <TaskDisplayName>Optimize local search indexes</TaskDisplayName>
    <TaskAssemblyName>CMS.Search</TaskAssemblyName>
    <TaskClass>CMS.Search.SearchIndexOptimizer</TaskClass>
    <TaskInterval>week;4/10/2009 12:37:29 PM;1</TaskInterval>
    <TaskData />
    <TaskNextRunTime>2015-02-20T12:37:29+01:00</TaskNextRunTime>
    <TaskDeleteAfterLastRun>false</TaskDeleteAfterLastRun>
    <TaskServerName />
    <TaskGUID>501a6ee6-7e28-4474-82ff-e22c334fd5b5</TaskGUID>
    <TaskLastModified>2020-11-24T18:55:42.3118541+01:00</TaskLastModified>
    <TaskRunInSeparateThread>true</TaskRunInSeparateThread>
    <TaskUseExternalService>false</TaskUseExternalService>
    <TaskAllowExternalService>false</TaskAllowExternalService>
    <TaskCondition />
    <TaskRunIndividually>false</TaskRunIndividually>
    <TaskEnabled>false</TaskEnabled>
    <TaskAvailability>0</TaskAvailability>
  </CMS_ScheduledTask>
  <CMS_ScheduledTask>
    <TaskID>1150</TaskID>
    <TaskName>System.UnusedMemoryCleaner</TaskName>
    <TaskDisplayName>Clean unused memory</TaskDisplayName>
    <TaskAssemblyName>CMS.Scheduler</TaskAssemblyName>
    <TaskClass>CMS.Scheduler.UnusedMemoryCleaner</TaskClass>
    <TaskInterval>hour;9/16/2009 12:00:00 AM;1;00:00:00;23:59:00;Monday,Tuesday,Wednesday,Thursday,Friday,Saturday,Sunday</TaskInterval>
    <TaskData />
    <TaskNextRunTime>2015-02-17T14:00:00+01:00</TaskNextRunTime>
    <TaskDeleteAfterLastRun>false</TaskDeleteAfterLastRun>
    <TaskServerName />
    <TaskGUID>6ff7094c-17a0-4a2b-a67e-4fa38edc80db</TaskGUID>
    <TaskLastModified>2020-11-24T18:55:42.3338575+01:00</TaskLastModified>
    <TaskRunInSeparateThread>true</TaskRunInSeparateThread>
    <TaskUseExternalService>false</TaskUseExternalService>
    <TaskAllowExternalService>false</TaskAllowExternalService>
    <TaskCondition />
    <TaskRunIndividually>false</TaskRunIndividually>
    <TaskEnabled>false</TaskEnabled>
    <TaskAvailability>0</TaskAvailability>
  </CMS_ScheduledTask>
  <CMS_ScheduledTask>
    <TaskID>1156</TaskID>
    <TaskName>NewsletterSender</TaskName>
    <TaskDisplayName>Send marketing emails</TaskDisplayName>
    <TaskAssemblyName>CMS.Newsletters</TaskAssemblyName>
    <TaskClass>CMS.Newsletters.NewsletterSender</TaskClass>
    <TaskInterval>minute;9/30/2009 3:39:33 PM;5;00:00:00;23:59:00;Monday,Tuesday,Wednesday,Thursday,Friday,Saturday,Sunday</TaskInterval>
    <TaskData />
    <TaskNextRunTime>2019-06-28T10:14:33+02:00</TaskNextRunTime>
    <TaskDeleteAfterLastRun>false</TaskDeleteAfterLastRun>
    <TaskServerName />
    <TaskGUID>27c692f2-c5b6-4d7b-b782-cc8bb7df7463</TaskGUID>
    <TaskLastModified>2020-11-24T18:55:42.2698247+01:00</TaskLastModified>
    <TaskResourceID>108</TaskResourceID>
    <TaskRunInSeparateThread>false</TaskRunInSeparateThread>
    <TaskUseExternalService>true</TaskUseExternalService>
    <TaskAllowExternalService>true</TaskAllowExternalService>
    <TaskCondition />
    <TaskRunIndividually>false</TaskRunIndividually>
    <TaskEnabled>true</TaskEnabled>
    <TaskAvailability>0</TaskAvailability>
  </CMS_ScheduledTask>
  <CMS_ScheduledTask>
    <TaskID>1271</TaskID>
    <TaskName>DeleteImageEditorHistory</TaskName>
    <TaskDisplayName>Delete image editor history</TaskDisplayName>
    <TaskAssemblyName>CMS.Scheduler</TaskAssemblyName>
    <TaskClass>CMS.Scheduler.DeleteImageEditorHistory</TaskClass>
    <TaskInterval>hour;7/2/2010 12:39:19 PM;12;00:00:00;23:59:00;Monday,Tuesday,Wednesday,Thursday,Friday,Saturday,Sunday</TaskInterval>
    <TaskData />
    <TaskNextRunTime>2019-06-28T12:39:19+02:00</TaskNextRunTime>
    <TaskDeleteAfterLastRun>false</TaskDeleteAfterLastRun>
    <TaskServerName />
    <TaskGUID>d4f09853-ddb9-45f8-9d30-a3698b40dc26</TaskGUID>
    <TaskLastModified>2020-11-24T18:55:42.2208537+01:00</TaskLastModified>
    <TaskRunInSeparateThread>true</TaskRunInSeparateThread>
    <TaskUseExternalService>true</TaskUseExternalService>
    <TaskAllowExternalService>true</TaskAllowExternalService>
    <TaskCondition />
    <TaskRunIndividually>false</TaskRunIndividually>
    <TaskEnabled>true</TaskEnabled>
    <TaskAvailability>0</TaskAvailability>
  </CMS_ScheduledTask>
  <CMS_ScheduledTask>
    <TaskID>2689</TaskID>
    <TaskName>RemoveAnalyticsData</TaskName>
    <TaskDisplayName>Remove analytics data</TaskDisplayName>
    <TaskAssemblyName>CMS.WebAnalytics</TaskAssemblyName>
    <TaskClass>CMS.WebAnalytics.RemoveAnalyticsData</TaskClass>
    <TaskInterval>month;1/1/2011 12:00:00 AM;1</TaskInterval>
    <TaskData>720</TaskData>
    <TaskDeleteAfterLastRun>false</TaskDeleteAfterLastRun>
    <TaskServerName />
    <TaskGUID>27824bfe-f16f-4431-949c-82fcfd15e3b7</TaskGUID>
    <TaskLastModified>2020-11-24T18:55:42.2858574+01:00</TaskLastModified>
    <TaskResourceID>115</TaskResourceID>
    <TaskRunInSeparateThread>true</TaskRunInSeparateThread>
    <TaskUseExternalService>true</TaskUseExternalService>
    <TaskAllowExternalService>true</TaskAllowExternalService>
    <TaskEnabled>false</TaskEnabled>
    <TaskAvailability>0</TaskAvailability>
  </CMS_ScheduledTask>
  <CMS_ScheduledTask>
    <TaskID>2740</TaskID>
    <TaskName>Integration.ProcessExternalTasks</TaskName>
    <TaskDisplayName>Process external integration tasks</TaskDisplayName>
    <TaskAssemblyName>CMS.SynchronizationEngine</TaskAssemblyName>
    <TaskClass>CMS.Synchronization.IntegrationExternalTasksProcessor</TaskClass>
    <TaskInterval>day;6/13/2011 1:33:28 PM;1;Monday,Tuesday,Wednesday,Thursday,Friday,Saturday,Sunday</TaskInterval>
    <TaskData />
    <TaskNextRunTime>2019-06-28T13:33:28+02:00</TaskNextRunTime>
    <TaskDeleteAfterLastRun>false</TaskDeleteAfterLastRun>
    <TaskServerName />
    <TaskGUID>eefacb2f-c4c8-48a1-9558-d1633e477ab8</TaskGUID>
    <TaskLastModified>2020-11-24T18:55:42.2568532+01:00</TaskLastModified>
    <TaskRunInSeparateThread>false</TaskRunInSeparateThread>
    <TaskUseExternalService>false</TaskUseExternalService>
    <TaskAllowExternalService>false</TaskAllowExternalService>
    <TaskCondition />
    <TaskRunIndividually>false</TaskRunIndividually>
    <TaskEnabled>true</TaskEnabled>
    <TaskAvailability>0</TaskAvailability>
  </CMS_ScheduledTask>
  <CMS_ScheduledTask>
    <TaskID>2757</TaskID>
    <TaskName>EProductReminder</TaskName>
    <TaskDisplayName>E-product reminder</TaskDisplayName>
    <TaskAssemblyName>CMS.Ecommerce</TaskAssemblyName>
    <TaskClass>CMS.Ecommerce.EProductReminder</TaskClass>
    <TaskInterval>day;7/10/2011 5:00:00 AM;1;Monday,Tuesday,Wednesday,Thursday,Friday,Saturday,Sunday</TaskInterval>
    <TaskData />
    <TaskNextRunTime>2019-06-29T05:00:00+02:00</TaskNextRunTime>
    <TaskDeleteAfterLastRun>false</TaskDeleteAfterLastRun>
    <TaskServerName />
    <TaskGUID>edf602fc-94a4-4afe-b58f-c77966cb085a</TaskGUID>
    <TaskLastModified>2020-11-24T18:55:42.2518541+01:00</TaskLastModified>
    <TaskResourceID>111</TaskResourceID>
    <TaskRunInSeparateThread>false</TaskRunInSeparateThread>
    <TaskUseExternalService>true</TaskUseExternalService>
    <TaskAllowExternalService>true</TaskAllowExternalService>
    <TaskCondition />
    <TaskRunIndividually>false</TaskRunIndividually>
    <TaskEnabled>true</TaskEnabled>
    <TaskAvailability>0</TaskAvailability>
  </CMS_ScheduledTask>
  <CMS_ScheduledTask>
    <TaskID>2758</TaskID>
    <TaskName>RentedLicenseUpdater</TaskName>
    <TaskDisplayName>Rented license updater</TaskDisplayName>
    <TaskAssemblyName>CMS.Scheduler</TaskAssemblyName>
    <TaskClass>CMS.Scheduler.RentedLicenseUpdaterTask</TaskClass>
    <TaskInterval>day;7/13/2011 1:49:55 PM;1;Monday,Tuesday,Wednesday,Thursday,Friday,Saturday,Sunday</TaskInterval>
    <TaskData />
    <TaskNextRunTime>2013-07-20T07:44:59+02:00</TaskNextRunTime>
    <TaskDeleteAfterLastRun>false</TaskDeleteAfterLastRun>
    <TaskServerName />
    <TaskGUID>54d610e2-75ce-40be-8c37-4de8b3da254a</TaskGUID>
    <TaskLastModified>2020-11-24T18:55:42.2918535+01:00</TaskLastModified>
    <TaskRunInSeparateThread>true</TaskRunInSeparateThread>
    <TaskUseExternalService>true</TaskUseExternalService>
    <TaskAllowExternalService>true</TaskAllowExternalService>
    <TaskEnabled>false</TaskEnabled>
    <TaskAvailability>0</TaskAvailability>
  </CMS_ScheduledTask>
  <CMS_ScheduledTask>
    <TaskID>3004</TaskID>
    <TaskName>Content.DeleteOldTemporaryUploadFiles</TaskName>
    <TaskDisplayName>Delete old temporary upload files</TaskDisplayName>
    <TaskAssemblyName>CMS.Base.Web.UI</TaskAssemblyName>
    <TaskClass>CMS.Base.Web.UI.TemporaryUploadsCleaner</TaskClass>
    <TaskInterval>hour;8/16/2011 12:00:30 PM;1;00:00:00;23:59:00;Monday,Tuesday,Wednesday,Thursday,Friday,Saturday,Sunday</TaskInterval>
    <TaskData />
    <TaskNextRunTime>2019-06-28T11:00:30+02:00</TaskNextRunTime>
    <TaskDeleteAfterLastRun>false</TaskDeleteAfterLastRun>
    <TaskServerName />
    <TaskGUID>7c93f262-fdad-4571-a568-eb0ad882825d</TaskGUID>
    <TaskLastModified>2020-11-24T18:55:42.2158562+01:00</TaskLastModified>
    <TaskRunInSeparateThread>false</TaskRunInSeparateThread>
    <TaskUseExternalService>true</TaskUseExternalService>
    <TaskAllowExternalService>true</TaskAllowExternalService>
    <TaskCondition />
    <TaskRunIndividually>false</TaskRunIndividually>
    <TaskEnabled>true</TaskEnabled>
    <TaskAvailability>0</TaskAvailability>
  </CMS_ScheduledTask>
  <CMS_ScheduledTask>
    <TaskID>3423</TaskID>
    <TaskName>MembershipReminder</TaskName>
    <TaskDisplayName>Membership reminder</TaskDisplayName>
    <TaskAssemblyName>CMS.Membership</TaskAssemblyName>
    <TaskClass>CMS.Membership.MembershipReminder</TaskClass>
    <TaskInterval>day;6/30/2011 5:00:00 AM;1;Monday,Tuesday,Wednesday,Thursday,Friday,Saturday,Sunday</TaskInterval>
    <TaskData />
    <TaskNextRunTime>2019-06-29T05:00:00+02:00</TaskNextRunTime>
    <TaskDeleteAfterLastRun>false</TaskDeleteAfterLastRun>
    <TaskServerName />
    <TaskGUID>ac98558e-201f-476e-862b-54ee24e97fd5</TaskGUID>
    <TaskLastModified>2020-11-24T18:55:42.2608245+01:00</TaskLastModified>
    <TaskResourceID>242</TaskResourceID>
    <TaskRunInSeparateThread>true</TaskRunInSeparateThread>
    <TaskUseExternalService>false</TaskUseExternalService>
    <TaskAllowExternalService>true</TaskAllowExternalService>
    <TaskCondition />
    <TaskRunIndividually>false</TaskRunIndividually>
    <TaskEnabled>true</TaskEnabled>
    <TaskAvailability>0</TaskAvailability>
  </CMS_ScheduledTask>
  <CMS_ScheduledTask>
    <TaskID>3440</TaskID>
    <TaskName>DeleteInactiveContacts</TaskName>
    <TaskDisplayName>Delete inactive contacts</TaskDisplayName>
    <TaskAssemblyName>CMS.ContactManagement</TaskAssemblyName>
    <TaskClass>CMS.ContactManagement.DeleteInactiveContacts</TaskClass>
    <TaskInterval>once;5/25/2016 2:00:00 AM|1</TaskInterval>
    <TaskData />
    <TaskDeleteAfterLastRun>false</TaskDeleteAfterLastRun>
    <TaskServerName />
    <TaskGUID>5f085350-950d-42e5-86fe-f26bade31afb</TaskGUID>
    <TaskLastModified>2020-11-24T18:55:42.2298511+01:00</TaskLastModified>
    <TaskResourceID>196</TaskResourceID>
    <TaskRunInSeparateThread>true</TaskRunInSeparateThread>
    <TaskUseExternalService>false</TaskUseExternalService>
    <TaskAllowExternalService>true</TaskAllowExternalService>
    <TaskCondition />
    <TaskRunIndividually>false</TaskRunIndividually>
    <TaskEnabled>true</TaskEnabled>
    <TaskAvailability>0</TaskAvailability>
  </CMS_ScheduledTask>
  <CMS_ScheduledTask>
    <TaskID>4426</TaskID>
    <TaskName>Report_subscription_sender</TaskName>
    <TaskDisplayName>Report subscription sender</TaskDisplayName>
    <TaskAssemblyName>CMS.Reporting.Web.UI</TaskAssemblyName>
    <TaskClass>CMS.Reporting.Web.UI.ReportSubscriptionSender</TaskClass>
    <TaskInterval>minute;4/10/2012 9:00:44 AM;1;00:00:00;23:59:00;Monday,Tuesday,Wednesday,Thursday,Friday,Saturday,Sunday</TaskInterval>
    <TaskData />
    <TaskNextRunTime>2019-06-28T10:12:44+02:00</TaskNextRunTime>
    <TaskDeleteAfterLastRun>false</TaskDeleteAfterLastRun>
    <TaskServerName />
    <TaskGUID>fc84271e-b158-4535-8416-4f940e360b1d</TaskGUID>
    <TaskLastModified>2020-11-24T18:55:42.2958263+01:00</TaskLastModified>
    <TaskResourceID>114</TaskResourceID>
    <TaskRunInSeparateThread>false</TaskRunInSeparateThread>
    <TaskUseExternalService>false</TaskUseExternalService>
    <TaskAllowExternalService>false</TaskAllowExternalService>
    <TaskCondition />
    <TaskRunIndividually>false</TaskRunIndividually>
    <TaskEnabled>true</TaskEnabled>
    <TaskAvailability>0</TaskAvailability>
  </CMS_ScheduledTask>
  <CMS_ScheduledTask>
    <TaskID>24496</TaskID>
    <TaskName>ModuleUsageTrackingTask</TaskName>
    <TaskDisplayName>Send module usage data</TaskDisplayName>
    <TaskAssemblyName>CMS.ModuleUsageTracking</TaskAssemblyName>
    <TaskClass>CMS.ModuleUsageTracking.Dispatcher</TaskClass>
    <TaskInterval>week;1/10/2017 3:20:00 AM;1</TaskInterval>
    <TaskData />
    <TaskNextRunTime>2019-07-02T03:20:00+02:00</TaskNextRunTime>
    <TaskDeleteAfterLastRun>false</TaskDeleteAfterLastRun>
    <TaskServerName />
    <TaskGUID>4badf7ab-dfbd-4afd-9a4c-c292969b790f</TaskGUID>
    <TaskLastModified>2020-11-24T18:55:42.2658541+01:00</TaskLastModified>
    <TaskResourceID>403</TaskResourceID>
    <TaskRunInSeparateThread>false</TaskRunInSeparateThread>
    <TaskUseExternalService>false</TaskUseExternalService>
    <TaskAllowExternalService>false</TaskAllowExternalService>
    <TaskCondition />
    <TaskRunIndividually>false</TaskRunIndividually>
    <TaskEnabled>true</TaskEnabled>
    <TaskAvailability>0</TaskAvailability>
  </CMS_ScheduledTask>
  <CMS_ScheduledTask>
    <TaskID>27749</TaskID>
    <TaskName>CleanAzureStorageCache</TaskName>
    <TaskDisplayName>Clean Azure storage cache</TaskDisplayName>
    <TaskAssemblyName>CMS.AzureStorage</TaskAssemblyName>
    <TaskClass>CMS.AzureStorage.AzureStorageCacheCleaner</TaskClass>
    <TaskInterval>day;1/1/2005 12:00:00 AM;1;Monday,Tuesday,Wednesday,Thursday,Friday,Saturday,Sunday</TaskInterval>
    <TaskData />
    <TaskNextRunTime>2019-06-29T00:00:00+02:00</TaskNextRunTime>
    <TaskDeleteAfterLastRun>false</TaskDeleteAfterLastRun>
    <TaskServerName />
    <TaskGUID>92a77d69-93ff-4748-831d-9115938db35c</TaskGUID>
    <TaskLastModified>2020-11-24T18:55:42.2018245+01:00</TaskLastModified>
    <TaskRunInSeparateThread>false</TaskRunInSeparateThread>
    <TaskUseExternalService>false</TaskUseExternalService>
    <TaskAllowExternalService>true</TaskAllowExternalService>
    <TaskCondition />
    <TaskRunIndividually>false</TaskRunIndividually>
    <TaskEnabled>true</TaskEnabled>
    <TaskAvailability>0</TaskAvailability>
  </CMS_ScheduledTask>
  <CMS_ScheduledTask>
    <TaskID>32914</TaskID>
    <TaskName>SalesForce.Replicate</TaskName>
    <TaskDisplayName>SalesForce replication</TaskDisplayName>
    <TaskAssemblyName>CMS.SalesForce</TaskAssemblyName>
    <TaskClass>CMS.SalesForce.SalesForceReplicationTask</TaskClass>
    <TaskInterval>hour;1/1/2012 12:00:00 AM;1;00:00:00;23:59:00;Monday,Tuesday,Wednesday,Thursday,Friday,Saturday,Sunday</TaskInterval>
    <TaskData />
    <TaskNextRunTime>2019-06-28T11:00:00+02:00</TaskNextRunTime>
    <TaskDeleteAfterLastRun>false</TaskDeleteAfterLastRun>
    <TaskServerName />
    <TaskGUID>1b130887-8eb2-44d1-a1aa-ae350376d938</TaskGUID>
    <TaskLastModified>2020-11-24T18:55:42.3008715+01:00</TaskLastModified>
    <TaskResourceID>196</TaskResourceID>
    <TaskRunInSeparateThread>true</TaskRunInSeparateThread>
    <TaskUseExternalService>false</TaskUseExternalService>
    <TaskAllowExternalService>false</TaskAllowExternalService>
    <TaskCondition />
    <TaskRunIndividually>false</TaskRunIndividually>
    <TaskEnabled>true</TaskEnabled>
    <TaskAvailability>0</TaskAvailability>
  </CMS_ScheduledTask>
  <CMS_ScheduledTask>
    <TaskID>33368</TaskID>
    <TaskName>RecalculateCampaignReports</TaskName>
    <TaskDisplayName>Recalculate campaign reports</TaskDisplayName>
    <TaskAssemblyName>CMS.WebAnalytics</TaskAssemblyName>
    <TaskClass>CMS.WebAnalytics.CalculateCampaignConversionReportTask</TaskClass>
    <TaskInterval>hour;6/30/2016 10:21:32 AM;1;00:00:00;23:59:00;Monday,Tuesday,Wednesday,Thursday,Friday,Saturday,Sunday</TaskInterval>
    <TaskData />
    <TaskNextRunTime>2019-06-28T10:21:32+02:00</TaskNextRunTime>
    <TaskDeleteAfterLastRun>false</TaskDeleteAfterLastRun>
    <TaskServerName />
    <TaskGUID>eea7e53d-0fb3-40bd-826d-4678c46cfda5</TaskGUID>
    <TaskLastModified>2020-11-24T18:55:42.2818534+01:00</TaskLastModified>
    <TaskResourceID>115</TaskResourceID>
    <TaskRunInSeparateThread>true</TaskRunInSeparateThread>
    <TaskUseExternalService>false</TaskUseExternalService>
    <TaskAllowExternalService>true</TaskAllowExternalService>
    <TaskCondition />
    <TaskRunIndividually>false</TaskRunIndividually>
    <TaskEnabled>true</TaskEnabled>
    <TaskAvailability>0</TaskAvailability>
  </CMS_ScheduledTask>
  <CMS_ScheduledTask>
    <TaskID>33426</TaskID>
    <TaskName>PersonaContactHistoryRecalculation</TaskName>
    <TaskDisplayName>Persona's contact history recalculation</TaskDisplayName>
    <TaskAssemblyName>CMS.Personas</TaskAssemblyName>
    <TaskClass>CMS.Personas.Internal.PersonaContactHistoryTask</TaskClass>
    <TaskInterval>once;1/13/2017 2:00:00 AM|1</TaskInterval>
    <TaskData />
    <TaskDeleteAfterLastRun>false</TaskDeleteAfterLastRun>
    <TaskServerName />
    <TaskGUID>6ff6e693-b6b3-404f-be02-5bfecafb4598</TaskGUID>
    <TaskLastModified>2020-11-24T18:55:42.2758563+01:00</TaskLastModified>
    <TaskResourceID>361</TaskResourceID>
    <TaskRunInSeparateThread>false</TaskRunInSeparateThread>
    <TaskUseExternalService>false</TaskUseExternalService>
    <TaskAllowExternalService>true</TaskAllowExternalService>
    <TaskCondition />
    <TaskRunIndividually>false</TaskRunIndividually>
    <TaskEnabled>true</TaskEnabled>
    <TaskAvailability>0</TaskAvailability>
  </CMS_ScheduledTask>
  <CMS_ScheduledTask>
    <TaskID>33427</TaskID>
    <TaskName>Search.Azure.TaskExecutor</TaskName>
    <TaskDisplayName>Execute Azure search tasks</TaskDisplayName>
    <TaskAssemblyName>CMS.Search.Azure</TaskAssemblyName>
    <TaskClass>CMS.Search.Azure.SearchTaskExecutor</TaskClass>
    <TaskInterval>minute;4/26/2017 1:29:55 PM;1;00:00:00;23:59:00;Monday,Tuesday,Wednesday,Thursday,Friday,Saturday,Sunday</TaskInterval>
    <TaskData />
    <TaskNextRunTime>2019-06-28T10:12:55+02:00</TaskNextRunTime>
    <TaskDeleteAfterLastRun>false</TaskDeleteAfterLastRun>
    <TaskServerName />
    <TaskGUID>5efb0637-041c-4260-b570-05eff059ee91</TaskGUID>
    <TaskLastModified>2020-11-24T18:55:42.3068298+01:00</TaskLastModified>
    <TaskResourceID>450</TaskResourceID>
    <TaskRunInSeparateThread>true</TaskRunInSeparateThread>
    <TaskUseExternalService>false</TaskUseExternalService>
    <TaskAllowExternalService>true</TaskAllowExternalService>
    <TaskCondition />
    <TaskRunIndividually>false</TaskRunIndividually>
    <TaskEnabled>true</TaskEnabled>
    <TaskAvailability>0</TaskAvailability>
  </CMS_ScheduledTask>
  <CMS_ScheduledTask>
    <TaskID>33428</TaskID>
    <TaskName>DeleteOldTemporaryPageBuilderWidgets</TaskName>
    <TaskDisplayName>Delete old temporary Page builder widgets</TaskDisplayName>
    <TaskAssemblyName>CMS.DocumentEngine</TaskAssemblyName>
    <TaskClass>CMS.DocumentEngine.PageBuilder.TempPageBuilderWidgetsCleaner</TaskClass>
    <TaskInterval>hour;2/20/2018 12:00:00 PM;1;00:00:00;23:59:00;Monday,Tuesday,Wednesday,Thursday,Friday,Saturday,Sunday</TaskInterval>
    <TaskData />
    <TaskNextRunTime>2019-06-28T11:00:00+02:00</TaskNextRunTime>
    <TaskDeleteAfterLastRun>false</TaskDeleteAfterLastRun>
    <TaskServerName />
    <TaskGUID>741780c2-0fe0-40ff-9a62-d7e457de46f4</TaskGUID>
    <TaskLastModified>2020-11-24T18:55:42.2358422+01:00</TaskLastModified>
    <TaskRunInSeparateThread>true</TaskRunInSeparateThread>
    <TaskUseExternalService>true</TaskUseExternalService>
    <TaskAllowExternalService>true</TaskAllowExternalService>
    <TaskCondition />
    <TaskRunIndividually>false</TaskRunIndividually>
    <TaskEnabled>true</TaskEnabled>
    <TaskAvailability>0</TaskAvailability>
  </CMS_ScheduledTask>
  <CMS_ScheduledTask>
    <TaskID>33446</TaskID>
    <TaskName>SubscriptionLicenseRenewal</TaskName>
    <TaskDisplayName>Subscription license renewal</TaskDisplayName>
    <TaskAssemblyName>CMS.Scheduler</TaskAssemblyName>
    <TaskClass>CMS.Scheduler.SubscriptionLicenseRenewalTask</TaskClass>
    <TaskInterval>day;7/13/2011 1:01:02 AM;1;Monday,Tuesday,Wednesday,Thursday,Friday,Saturday,Sunday</TaskInterval>
    <TaskData>NOTEXECUTED</TaskData>
    <TaskDeleteAfterLastRun>false</TaskDeleteAfterLastRun>
    <TaskServerName />
    <TaskGUID>be17499a-7695-4fd4-b138-ee01f3bdd196</TaskGUID>
    <TaskLastModified>2020-11-24T18:55:42.3238236+01:00</TaskLastModified>
    <TaskRunInSeparateThread>true</TaskRunInSeparateThread>
    <TaskUseExternalService>true</TaskUseExternalService>
    <TaskAllowExternalService>true</TaskAllowExternalService>
    <TaskCondition />
    <TaskRunIndividually>false</TaskRunIndividually>
    <TaskEnabled>true</TaskEnabled>
    <TaskAvailability>0</TaskAvailability>
  </CMS_ScheduledTask>
  <CMS_ScheduledTask>
    <TaskID>33461</TaskID>
    <TaskName>EnableOrDisableAutomationProcesses</TaskName>
    <TaskDisplayName>Enable or disable automation processes</TaskDisplayName>
    <TaskAssemblyName>CMS.Automation</TaskAssemblyName>
    <TaskClass>CMS.Automation.AutomationProcessActivator</TaskClass>
    <TaskInterval>minute;10/7/2022 5:19:18 PM;1;00:00:00;23:59:00;Monday,Tuesday,Wednesday,Thursday,Friday,Saturday,Sunday</TaskInterval>
    <TaskData />
    <TaskDeleteAfterLastRun>false</TaskDeleteAfterLastRun>
    <TaskServerName />
    <TaskGUID>c95d1ca3-c68b-42c4-a4dc-d0f5c4b54fa2</TaskGUID>
    <TaskLastModified>2024-11-21T12:48:04.7996432+01:00</TaskLastModified>
    <TaskResourceID>334</TaskResourceID>
    <TaskRunInSeparateThread>false</TaskRunInSeparateThread>
    <TaskUseExternalService>true</TaskUseExternalService>
    <TaskAllowExternalService>true</TaskAllowExternalService>
    <TaskCondition />
    <TaskRunIndividually>false</TaskRunIndividually>
    <TaskEnabled>true</TaskEnabled>
    <TaskAvailability>0</TaskAvailability>
  </CMS_ScheduledTask>
</NewDataSet>